name,url
성북구청,https://www.sb.go.kr
BNK저축은행,https://www.bnksb.com
한국교직원공제회 법인,https://biz.ktcu.or.kr
공용위원회 e-IRB시스템,https://public.irb.or.kr
제주고꿈키움사회적협동조합,https://www.jejugodream.com
디에스퍼니처,http://www.dsfur.co.kr
(재)장애인기업종합지원센터,https://www.debc.or.kr
바우처사업관리시스템,https://rndvoucher.compa.re.kr
서울예술대학교,https://www.seoularts.ac.kr
식품안전정보원,https://www.foodinfo.or.kr
제주시교육지원청,https://www.jje.go.kr/jjse/index.jje
광주광역시사회서비스원,https://gwangju.pass.or.kr
상담톡,http://sangdamtalk.com
한화생명 다이렉트보험 온슈어,https://www.onsure.co.kr
남북협력지구지원센터,https://www.onekr.or.kr
제주메이커스페이스,https://jejumakerspace.com
충북도립대학교,https://www.cpu.ac.kr
인천광역시의회,https://www.icouncil.go.kr
축산환경 교육시스템,https://www.lemi.or.kr/edu/
평생학습계좌제,https://www.all.go.kr
제주귀어귀촌종합지원센터,http://sealife.jejubada.or.kr
시험인증 부정행위 신고조사센터,https://tacci.kr
신협 금융상품,http://product.cu.co.kr
신협 뉴스룸,http://news.cu.co.kr
신협(영문),http://eng.cu.co.kr
신협,http://cu.co.kr
다문화가족지원포털 다누리,https://www.liveinkorea.kr/portal/KOR/main/main.do
About KRX,http://info.krx.co.kr
온새미사회적협동조합,http://onsemi2014.co.kr
국가인권위원회 인권e,https://case.humanrights.go.kr
한국교육개발원 대학역량진단센터,https://uce.kedi.re.kr
부산지방해양수산청,https://www.portbusan.go.kr
충청북도충주교육지원청,http://www.cbchje.go.kr
국가정책연구포털,http://www.nkis.re.kr
국세청 홈택스,https://www.hometax.go.kr
동북권 서울특별시 노동자 종합지원센터,https://www.4seoullabor.org/dongbuk
A.innov,https://ainnov.co.kr
NIA 스피드 인터넷 속도측정,http://speed.nia.or.kr
행정안전부 과거사관련업무지원단,https://www.pasthistory.go.kr
SIT,http://sit.skhappiness.org
전라북도교육청,https://www.jbe.go.kr
현대커머셜,https://www.hyundaicommercial.com
부산환경공단,https://www.beco.or.kr
경동대학교,https://www.kduniv.ac.kr
시흥형 기본교통비,https://freetrans.siheung.go.kr
